"id","created_at","source_name","layer","trust","region","domain","title","summary","url","keywords_hit","processed","result"
"146","2026-04-06 19:00:37.275359+00","Al Jazeera / TASS (06 Apr 2026)","L0","HIGH","Middle East (Iran, Strait of Hormuz, Lebanon)","military/escalation","US-Israeli strikes on Iran escalate; Trump threatens infrastructure destruction as Hormuz deadline looms","DefSec Hegseth confirms escalating strikes on Iran amid Strait of Hormuz deadline pressure. Trump publicly states preference to seize Iranian oil but acknowledges US public wants forces home. Threats to destroy Iranian bridges and power plants reported. UN reports dozens of casualties in Lebanon from Israeli strikes; humanitarian crisis mounting across Middle East.","https://www.aljazeera.com/video/newsfeed/2026/4/6/hegseth-says-strikes-on-iran-increasing-as-hormuz-deadline-looms","","True",""
"145","2026-04-06 16:00:45.646597+00","UN News / Google News (Reuters aggregator)","L0","HIGH","Middle East / Levant","Military/Conflict","Middle East Escalation: Israeli Strikes Expand to Lebanon; Iran Rejects Ceasefire","Strikes and counter-strikes persist across Middle East region with dozens of casualties reported over weekend in Lebanon following Israeli strikes targeting south and Beirut. Iran formally rejects ceasefire proposals, emphasizing need for permanent end to war. UN reports critical infrastructure strain and rising humanitarian crisis.","https://news.un.org/en/story/2026/04/1167251","","True",""
"144","2026-04-06 13:00:52.274509+00","Reuters / Al Jazeera / TASS","L0","HIGH","Middle East / Persian Gulf / Iran-US axis","Military / Critical Infrastructure","Iran struck US forces relocated on Kuwait's Bubiyan island; US operation rescue air officer from Iran unfolded; petrochemical plants attacked in southern Iran","Iranian military reported striking US military positions on Bubiyan Island (Kuwait). Concurrent reporting indicates US conducted covert rescue operation of air officer from Iranian territory. TASS reports auxiliary petrochemical companies in Asaluyeh (southern Iran) came under attack with all plants de-energized. UN nuclear agency chief expressed deep concern over latest attack on Iranian power infrastructure. Pattern suggests tit-for-tat escalation cycle with dual-domain (kinetic + infrastructure) targeting.","https://news.google.com/rss/articles/CBMiygFBVV95cUxNY3hYc1l0LW5peTVaa3IxOEJlemZGN1YyUS14bEVINHd1NDM5X1RScnAwTTZYMXhIaHpnM3dQSk43czlLcV85WDBsRUIxZWlmZ2tvZ1R6ZG5VeXhXUTV3XzFGRkE4VmJxcWV6OTRRRV9VTXk3bHRRcV9EbmwzR2p0TTVnblRzeWtBNzN1ekN6MlNHLVlzZnBlRF9RX1g0VkhIMzFpYkNjdXhyaDFXd2JLSlNNd1RhWHJVR3VBNWxKZTJWUEhMVjVKOUp3?oc=5","","True",""
"143","2026-04-06 10:00:47.471878+00","Reuters / UN News / Google News Aggregator","L0","HIGH","Middle East / Persian Gulf / Red Sea","Military / Diplomatic / Crisis Escalation","Iran strikes US forces on Kuwait's Bubiyan Island; ceasefire plan tabled to both sides","Iran conducted strike on US-relocated forces at Bubiyan Island (Kuwait); simultaneous ceasefire proposal submitted to both Iran and US with immediate cessation terms. UN Secretary-General Guterres warns of 'wider war' as Middle East conflict enters second month. Houthi missile activity on Israel ongoing; Red Sea shipping risks resurging.","https://news.google.com/rss/articles/CBMiygFBVV95cUxNY3hYc1l0LW5peTVaa3IxOEJlemZGN1YyUS14bEVINHd1NDM5X1RScnAwTTZYMXhIaHpnM3dQSk43czlLcV85WDBsRUIxZWlmZ2tvZ1R6ZG5VeXhXUTV3XzFGRkE4VmJxcWV6OTRRRV9VTXk3bHRRcV9EbmwzR2p0TTVnblRzeWtBNzN1ekN6MlNHLVlzZnBlRF9RX1g0VkhIMzFpYkNjdXhyaDFXd2JLSlNNd1RhWHJVR3VBNWxKZTJWUEhMVjVKOUp3","","True",""
"140","2026-04-06 01:00:40.651893+00","Al Jazeera / UN News","L0","HIGH","Middle East / Persian Gulf","Crisis Response / Nuclear Safety / Maritime Commerce","Iran Rejects Trump's Tuesday Deadline on Strait of Hormuz; Nuclear Facility Attack Reports","Tehran rejected a 48-hour ceasefire ultimatum from the US tied to Strait of Hormuz transit. UN nuclear agency chief expressed 'deep concern' over reports of a second attack on Iranian power plant infrastructure. Escalation signals intensifying ahead of Tuesday deadline.","https://www.aljazeera.com/news/liveblog/2026/4/6/iran-war-live-tehran-rejects-trumps-tuesday-deadline-on-strait-of-hormuz","","True",""
"139","2026-04-05 22:00:37.341456+00","TASS (citing IRGC statements) + UN News (IAEA)","L0","HIGH","Middle East / Persian Gulf","Military / Maritime / Nuclear","IRGC Naval Blockade Threat: Strait of Hormuz Shipping Collapse & Nuclear Plant Strike Escalation","IRGC Navy claims operational preparations complete for Strait of Hormuz interdiction; UK Navy reports critical situation with 27 ship/port attacks since Mar 1, daily transit volume collapsed 138→8 vessels. Concurrent: IAEA chief 'deeply concerned' over projectile strike near Bushehr nuclear power plant (Apr 4). Tehran rejected US 48-hour ceasefire proposal.","https://news.un.org/en/story/2026/04/1167250","","True",""
"137","2026-04-05 16:00:40.530761+00","Al Jazeera / TASS / UN IAEA","L0","HIGH","Middle East (Iran, Israel, Strait of Hormuz, Persian Gulf)","Military / Nuclear / Diplomacy","Trump threatens 'hell' for Iran over Hormuz Strait as Monday deadline approaches; US-Iran strike cycle accelerates with nuclear plant at risk","Trump issues ultimatum threatening 'hell' for Iran over Hormuz Strait control; TASS reports Iran struck Israeli military base in Kuwait and Israeli oil infrastructure. Simultaneous reports: 4 killed, 39 injured in Israeli strike on Beirut; UN IAEA chief Grossi 'deeply concerned' by projectile strike near Bushehr nuclear power plant. Trump claims US-Iran deal possible by Monday. Escalation cycle: Iranian retaliation → Israeli counterstrikes → nuclear site proximity risk.","https://www.aljazeera.com/news/2026/4/5/trump-threatens-hell-for-iran-over-hormuz-strait-as-deadline-approaches","","True",""
"136","2026-04-05 13:00:33.997328+00","Reuters via Google News","L0","HIGH","Middle East / Persian Gulf","Diplomacy / Military Escalation","Iran rejects 48-hour US ceasefire proposal amid escalating Middle East conflict","Tehran rejected a US-brokered 48-hour ceasefire proposal, signaling hardened Iranian posture as Middle East tensions enter second month of active conflict. Follows reported Iranian drone attacks on Kuwait Petroleum facilities.","https://news.google.com/rss/articles/CBMizAFBVV95cUxQdElPWHpkVnlyZ1V3SElmdk5IYks2","","True",""
"135","2026-04-05 10:00:32.53397+00","Al Jazeera (04 Apr 2026, 08:52 UTC) / Reuters Google News feed","L0","HIGH","Middle East / Persian Gulf","Military / Critical Infrastructure / Escalation","Kuwait reports Iranian drone strikes on power and water infrastructure; Gulf regional escalation continues","Kuwait confirmed Iranian drone attacks on critical power and water generation facilities and government sites. This escalation follows broader Iranian drone and missile operations across the Gulf region, occurring amid US-Israeli air strikes against Iranian targets and rejected ceasefire proposals.","https://www.aljazeera.com/news/2026/4/5/kuwait-says-power-water-facilities-hit-by-iran-as-gulf-attacks-continue","","True",""
"133","2026-04-05 04:00:42.232316+00","Reuters via Google News","L0","HIGH","Middle East / Persian Gulf","Military / Energy Infrastructure","Kuwait reports Iranian drone strikes on oil sector infrastructure, power and government sites","Kuwait's state media reports Iranian unmanned aerial vehicles struck oil sector infrastructure including a major complex, alongside power generation and government facilities. This marks a direct kinetic escalation in the regional conflict that entered its second month as of early April 2026.","https://news.google.com/rss/articles/CBMiywFBVV95cUxNcXVncDFVcTcwdG5sVHpKMzR5UVFLN0JJX0kwRjgwUWJjVXV0amlhbEszbkZPdHVoSnkxc0kyRHMwNGZRd0luLUd1OExDUVFkeHdGY2w3a2tVR2o4M2hMR1FyQXVBNVRwcjZzUXhTV3pKa05vOVNLQWRjN0RkaDhxaTlTaUhYdWhCTTVndFlsOXN4SlRXbE5XcU9lbk9VUUpCZk1rOEliSlI4aWlwbVJ2OE9pVUlvYWoyNGI1cl8xY080bURxS3l3MFdsOA","","True",""
"132","2026-04-05 01:00:54.577558+00","AP News via Google News","L0","HIGH","Middle East / Iran","Military / Air Warfare","US Military Jets Shot Down in Iran War — First Enemy Casualty in 20+ Years","U.S. Air Force jets engaged in combat over Iran have been shot down by enemy air defense or fighter aircraft—the first confirmed loss of U.S. military aircraft to direct enemy fire in over two decades. Marks significant escalation in active Iran-U.S. kinetic operations. Published Sat 04 Apr, 16:01 GMT.","https://news.google.com/rss/articles/CBMinAFBVV95cUxPeXZxRkV1UFR0bGxqaU0tNzRZeklTR0pHaTRPdFVJS0hfeTRlemVGZnREeFJhMWFZUjRqLW5uZm5IMVYyVEpDY183cUtXa1pUT01iYm4zS1JFYXgyck5rQjhrQzh5a3hyeE44N090UlA4dVFaQk1tYmNTT21RaWFsU3A3QndyS0ZnaEVDdEpiNTBNNnN3UFY3VV9uREQ","","True",""
"130","2026-04-04 19:00:42.403892+00","TASS (citing Israeli military statement and Iranian government)","L0","HIGH","Middle East / Levant / South Asia nexus","Military Operations / Nuclear Safety / Energy Security / Sanctions","Israeli military strikes 200+ targets in Iran and Lebanon simultaneously; Iran retaliates against UAE facilities","Israeli Defense Forces conducted simultaneous strikes on 200+ targets across Iran and Lebanon (Hezbollah military facilities). Iran responded by striking UAE aluminum industry assets allegedly linked to US-Israeli military equipment production. Bushehr nuclear power plant reports normal operations. Diplomatic escalation signals: Meloni-Qatar emir energy talks, Rubio strips Soleimani niece of US residency. Witkoff-Kushner Ukraine visit scheduled post-April 12.","https://tass.com/world/1775410","","True",""
"129","2026-04-04 16:00:45.990214+00","Al Jazeera / TASS / UN News aggregation","L0","HIGH","Middle East / Iran / Eastern Mediterranean","Military Strikes / Escalation / Energy Markets","Iran struck by US-Israeli military action; Tehran rejects ceasefire, threatens escalation","US-Israeli strikes targeted Tehran University and other Iranian military/civilian infrastructure on 4 April 2026. Iran's Supreme Leader rhetoric escalated ('Stone Age' language); Tehran rejected a 48-hour ceasefire proposal. UAE Defense Ministry reports 217 injured from strikes. TASS reports Russian envoy warning EU fuel stocks may deplete by 20 April due to energy market shock. UN Secretary-General warns of 'wider war' risk entering second month of Middle East conflict.","https://www.aljazeera.com/video/newsfeed/2026/4/4/iran-says-us-israel-belong-in-stone-age-after-tehran-university-strike","","True",""
"128","2026-04-04 13:00:32.610187+00","Al Jazeera (IAEA confirmation)","L0","HIGH","Middle East / Iran","Nuclear Security / Military Escalation","Projectile strikes near Iran's Bushehr nuclear plant, one fatality reported","IAEA confirms projectile impact in proximity to Bushehr nuclear facility. One death reported. Incident occurred within 24h window. Nuclear infrastructure strike represents escalation vector in active Iran-Israel tensions.","https://www.aljazeera.com/news/2026/4/4/iaea-says-projectile-hits-near-irans-bushehr-nuclear-plant-killing-one?traffic_source=rss","","True",""
"127","2026-04-04 10:00:34.228664+00","Al Jazeera / Reuters (via Google News)","L0","HIGH","Middle East / Iran","Military/Diplomacy/Human Rights","Iran Executes Suspected Opposition Members; Tehran Rejects US 48-Hour Ceasefire Proposal","Iran executed two convicted members of banned opposition group amid escalating Middle East conflict. Simultaneously, Tehran rejected a US-proposed 48-hour ceasefire, signaling hardened negotiating posture and domestic suppression tied to external security concerns.","https://www.aljazeera.com/news/2026/4/4/iran-executes-suspected-members-of-dissident-group-amid-us-israel-war","","True",""
"126","2026-04-04 07:00:34.586928+00","Al Jazeera / Reuters","L0","HIGH","Middle East / Iran","Military Escalation + Diplomatic Breakdown","Iran war enters day 36: US-Israeli strikes ongoing; Tehran rejects 48-hour ceasefire proposal","Middle East conflict escalation continues into sixth week. Iran rejected US-proposed 48-hour ceasefire. Fire reported at foreign oil company storage in Iraq following drone strike. UN Secretary-General warns of 'wider war' risk. No de-escalation signals detected.","https://www.aljazeera.com/news/2026/4/4/iran-war-what-is-happening-on-day-36-of-us-israeli-attacks","","True",""
"125","2026-04-04 04:00:35.600214+00","Al Jazeera / Reuters (via Google News)","L0","HIGH","Middle East / Eastern Europe","Military Escalation / Energy Disruption","Iranian missile attack hits residential areas in central Israel; US rejects 48-hour ceasefire proposal","Iran conducted direct missile strikes on Israeli residential zones following US-proposed 48-hour ceasefire rejection. UN Secretary-General warns of 'wider war' as Middle East conflict enters second month. Russian oil terminals under sustained attack, unable to accept shipments for second week.","https://www.aljazeera.com/video/newsfeed/2026/4/4/iranian-missile-attack-hits-residential-areas-in-central-israel","","True",""
"124","2026-04-04 01:00:37.16461+00","Reuters / UN News","L0","HIGH","Middle East / Persian Gulf","Crisis / Military Escalation / Energy Security","Iran War Escalation: Tehran Rejects 48-Hour Ceasefire Proposal; Guterres Warns of 'Wider War'","Iran rejected a 48-hour ceasefire proposal from the US on 03-04 April 2026. Simultaneously, UN Secretary-General Guterres warned of 'wider war' as Middle East conflict enters second month. IRGC rhetoric escalating; Iran categorizes states by Strait of Hormuz positioning (hostile/neutral/friendly). European energy security threatened as second major supply source faces disruption.","https://news.google.com/rss/articles/CBMizAFBVV95cUxQdElPWHpkVnlyZ1V3SElmdk5IYks2LWl3THF6aVBDbm40M3RKQTl6Y3ZXYkVkdDhSZ0RjRXVRU19MbGVhNmJNX0FTZnlPV1lERFJRakhyZUtzOFp4RWtuNklxckoyUUtHV0xNSkU0czd6bjhMNDM1YjFnQTV3dWxlTzh5cXFhNVR","","True",""
"123","2026-04-03 22:00:36.317245+00","TASS / Iranian Media (Fars)","L0","HIGH","Middle East / Persian Gulf","Military Escalation / Strategic Chokepoint","US F-15E and A-10 Aircraft Downed Over Iran; Tehran Rejects 48-Hour Ceasefire","IRGC claims interception of US F-15E fighter and A-10 attack aircraft over Iranian airspace. Trump downplays incident; Iran rejects US 48-hour ceasefire proposal. Strait of Hormuz control rhetoric escalating (Iran dividing states into 'hostile,' 'neutral,' 'friendly' categories).","https://tass.com/world/1775250092","","True",""
"122","2026-04-03 19:00:35.861433+00","Reuters (via Google News)","L0","HIGH","Ukraine/Russia Border & East Ukraine","Military Operations / Conflict Escalation","Zelenskiy Accuses Russia of 'Easter Escalation' as Massive Attack Kills Two","Ukraine's President Zelenskiy characterized a major Russian military strike as an 'Easter escalation,' with reports indicating at least two deaths. This signals continued Russian offensive tempo during a traditionally sensitive period, with implications for civilian infrastructure targeting and potential escalatory messaging.","https://news.google.com/rss/articles/CBMivAFBVV95cUxPMEROeEZKLTlzMTdRWlV3NVRZQVVycHFCaW1rRE1aSGlsaGdwLWstUWh5cDBqNlBxQ19ON1lZb0I3VzZhRHE5UjdncFlBSlJMSkNWU1J4cW93VnIwMDdaWjlHRlZUSFRqRzNrUjFBWWhvc3AtRy05Szd5TnNnUC1YajIyak9KZXJpTlVJTTZ4ZzNKQjFRbGRuSGk3bjVFZ0QzUFB5d1pva2hqZGhoVG5FRDktRjQxUEpWbUJWNA","","True",""
"121","2026-04-03 16:00:28.750183+00","TASS / Al Jazeera","L0","HIGH","Middle East / Iran","Military Escalation & Regional Conflict","US F-15E Downed in Iran; Trump Threatens Iranian Oil Seizure","TASS reported US Air Force F-15E fighter jet downed in Iran (confirmed by CBS News sourcing). Concurrent Al Jazeera headline: Trump states US can 'take the oil' in Iran given more time. Combined signal indicates direct US-Iran military engagement + escalatory rhetoric regarding Iranian resources. UN warns of 'wider war' entering second month of Middle East conflict.","https://www.aljazeera.com/news/2026/4/3/trump-says-with-more-time-us-can-take-the-oil-in-iran","","True",""
"119","2026-04-03 10:00:44.313588+00","Reuters via Google News; UN News","L0","HIGH","Middle East, Persian Gulf","Military/Strategic","Trump threatens to strike Iran's bridges and electric power plants; Guterres warns of 'wider war' as Middle East conflict enters second month","U.S. President Trump has issued explicit threats to strike Iranian critical infrastructure (bridges, power plants). Simultaneously, UN Secretary-General Guterres characterizes Middle East conflict as entering second month with risk of 'wider war.' Blockade of Strait of Hormuz by Iran reported; 40 countries discussing reopening.","https://news.google.com/rss/articles/CBMisgFBVV95cUxOUS1DNHpZcG9LNUdON3hHamVsbmU0bVZEMnpFQUc2QjN2SnZ6YVRuZ1RScWJDMUxyNVB5WUp3aUtYbTVNVHM1d0xSUFBCd2JmZjBTVUpZWW1YMmtld1lYYTMwOEliQkpIWTJxdnN5YXViWjFrazY5ZjNhTmtrOU9peGtpNzRmWkI4RDI0WHMtT19kOFgtUTdIeERNN1RMRmIwQ2NxWkkydm5nQmNWZDRoRmR3","","True",""
"117","2026-04-03 04:00:38.159733+00","Al Jazeera","L0","HIGH","Middle East / Iran","Military Strike / Escalation","Iran vows retaliation after deadly US strike on bridge in Karaj","Iran announced retaliation following a US military strike on critical infrastructure (Karaj bridge), escalating Middle East tensions into second month of active conflict. UN Secretary-General Guterres warned of 'wider war' risk.","https://www.aljazeera.com/video/newsfeed/2026/4/3/iran-vows-retaliation-after-deadly-us-strike-on-bridge-in-karaj","","True",""
"115","2026-04-02 22:00:40.620068+00","TASS (Iranian Foreign Ministry & General Staff statements)","L0","HIGH","Middle East / Persian Gulf","Military / Strategic Escalation","US-Israeli strikes on Iran; Strait of Hormuz closure threat; 8 dead in bridge strike","Iranian Foreign Minister Abbas Araghchi warns US-Israeli strikes will not force surrender; death toll from bridge strike rises to 8; Iranian General Staff threatens closure of Strait of Hormuz to US/Israel vessels. UN SG Guterres simultaneously warns of 'wider war' as Middle East crisis enters second month.","https://tass.com/world/1775045549","","True",""
"114","2026-04-02 19:00:37.800429+00","UN News","L0","HIGH","Middle East / Global","crisis_escalation","UN Secretary-General Guterres warns world is 'on the edge of a wider war' as Middle East crisis enters second month","António Guterres issued stark warning Thu 02 Apr 2026 that Middle East conflict has escalated into second month with catastrophic global implications. Statement signals diplomatic consensus that regional containment has failed and systemic escalation risk is acute.","https://news.un.org/en/story/2026/04/1167244","","True",""
"109","2026-04-02 04:00:37.673865+00","DoD News / TASS / Al Jazeera","L0","HIGH","Middle East / Persian Gulf","military/diplomacy","Trump declares Operation Epic Fury objectives 'nearing completion,' threatens Iranian oil infrastructure destruction; Tehran rejects ceasefire; Strait of Hormuz blockade implications escalate","President Trump announced during White House address that U.S. military operations under 'Operation Epic Fury' are approaching operational completion in Iran. Trump stated that if Iran rejects a U.S.-Israeli deal, American forces will destroy Iranian oil infrastructure. Tehran has explicitly rejected ceasefire overtures. Trump indicated U.S. did not rely on Strait of Hormuz shipments but warned energy markets that opening the strait post-conflict would lower gas prices. CSIS reports 850 Tomahawks deployed—largest single-campaign cruise missile salvo in U.S. history. Amazon cloud infrastructure in Bahrain damaged in Iranian strikes (FT/Reuters). Ukraine's MFA recruiting foreign combatants for Azov battalion (TASS).","https://www.war.gov/News/News-Stories/Article/Article/4450132/trump-objectives-in-iran-near-completion-terrorist-nation-bully-no-longer/","","True",""
"108","2026-04-02 01:00:30.749868+00","Al Jazeera / Reuters (via Google News)","L0","HIGH","Middle East / Indo-Pacific","Military / Diplomatic","Iran-US Military Escalation: Trump to Address Nation; Amazon Cloud Damaged in Iranian Strike","Al Jazeera live blog reports Iran conflict escalation with Trump scheduled to address the nation. Google News confirms Amazon's Bahrain cloud infrastructure damaged in Iranian strike. Tehran denies ceasefire overtures. Military strike activity confirmed by DoD marine drone operations in Indo-Pacific theater.","https://www.aljazeera.com/news/liveblog/2026/4/2/iran-war-live-trump-to-address-nation-tehran-denies-seeking-ceasefire","","True",""
"107","2026-04-01 22:00:36.629043+00","TASS / Reuters (via Google News)","L0","HIGH","Middle East / Persian Gulf","Military / Kinetic Ops","Iranian Supreme Leader's Advisor Seriously Injured in Shelling; Amazon AWS Bahrain Damaged in Iran Strike","TASS reports Iranian supreme leader's advisor critically injured in shelling; Reuters reports Amazon's cloud infrastructure in Bahrain damaged in Iranian strike as part of broader US-Israeli campaign (Operation Epic Fury). CSIS reports 850 Tomahawks launched—highest single-campaign volume.","https://tass.com/world/1819234","","True",""
"106","2026-04-01 19:00:41.587511+00","Reuters / Financial Times / CSIS","L0","HIGH","Middle East / Persian Gulf","Military / Cyber / Critical Infrastructure","Amazon AWS Bahrain infrastructure damaged in Iran strike; 850 Tomahawks fired in Operation Epic Fury escalation","FT reports Amazon cloud infrastructure in Bahrain damaged in Iranian strike. Coincides with CSIS reporting 850 Tomahawks—highest single-campaign salvo in U.S. history—fired in Operation Epic Fury. Iran denies ceasefire requests; Trump administration claims otherwise. Indicates active U.S.-Iran kinetic escalation and critical infrastructure targeting.","https://news.google.com/rss/articles/CBMitgFBVV95cUxPRjFGSThkUWxFdXpNUGNPU1JZUUFHOXZtQUpibFNJemVOaV80TUlsZEpDT29DVVIwMllLM25xd3ROR2JCc1VkZFJ3bWJhM2tmR09QNWFwN3l0c3Q3VjktTHcxYVd2Q1ZvYzVOeDloeHVnXzc2WmJMVW9WOGd6SDJENFlSX0xBVmkwdGNwVmtTRXFMc2JXWUdJWjAtSlc2dndvTVhZYTAySHdLSnRwRXJGTXdfN09YUQ","","True",""
"104","2026-04-01 13:00:36.499459+00","TASS, Al Jazeera, UN News","L0","HIGH","Middle East (Iran, Lebanon, Israel)","Military/Diplomatic/Economic Escalation","Hezbollah southern front commander killed; Iran closes Strait of Hormuz to US-allied vessels; global markets rise on Iran conflict de-escalation signals","Hezbollah confirms death of southern front commander Yusuf Ismail Hashem in Israeli strikes. Iran's UN envoy states Tehran has decided to close Strait of Hormuz to US/Israel-associated vessels. Global markets interpret this as ceasefire-via-diplomacy scenario. UN warns Lebanon at 'breaking point' with displacement surge and strike intensification.","https://tass.com/world/1775042 | https://aljazeera.com/news/2026/4/1/how-are-nato-allies-pushing-back-against-trumps-iran-war-demands","","True",""
"103","2026-04-01 10:00:36.84361+00","Al Jazeera","L0","HIGH","Middle East/Red Sea","Military/Asymmetric Warfare","Houthis claim joint missile attack on Israel with Iran and Hezbollah","Houthis announced coordinated missile strike on Israel allegedly conducted jointly with Iran and Hezbollah. This signals potential escalation in regional tensions and expanded multi-actor military coordination against Israel.","https://www.aljazeera.com/video/newsfeed/2026/4/1/houthis-claim-joint-missile-attack-on-israel-with-iran-and-hezbollah","","True",""
"101","2026-04-01 04:00:42.686329+00","Reuters via Google News","L0","HIGH","Eastern Europe/Crimea","Military Operations","Russian military transport plane crashes in Crimea, killing 29 — defence ministry","Russian military transport aircraft crashed in Crimea with 29 fatalities reported by Russian defence ministry. Incident represents significant loss of military transport capacity in active theater; timing during Ukraine conflict escalation suggests operational strain on Russian logistics.","https://news.google.com/rss/articles/CBMitgFBVV95cUxPMy1SNy00M3RCdmZrQnctTldhYTltOE9XMkhpTHNsQ3RvbXhUQ1hkSVJCRHNoMFpWWHpKblJyQy1IRmdoZXpYYXlRVEt6dmZPZEVlUEJtT1hxMFVBaVRQVTZORnZxdGxub2QxZ2NJMkc1RHN6OE12STBUc2F6UzFoWGhVMnRNWHk4ZUZNM1RsekNJa1NEbjZOX2lKS09QUkVSV0dBUEw3djBYZ0djOUFXaEFXbWNzUQ","","True",""
"100","2026-04-01 01:00:35.602149+00","Al Jazeera / TASS (Tasnim News Agency)","L0","MEDIUM-HIGH","Middle East (Iran-Israel Theater)","Military/Diplomatic","Trump claims Iran war could end in 2-3 weeks; second US-Israeli strikes on Iranian steel infrastructure reported","President Trump declared to allies 'get your own oil' and stated the Iran war could end in 2-3 weeks without requiring a deal. Simultaneously, TASS reports (via Tasnim) second wave of US-Israeli strikes on Mobarakeh Steel plant. Al Hadath reports Iran's judiciary chief killed in attack on Tehran. Iran's Majlis member warns vessels violating Strait of Hormuz law will be 'forcibly detained.'","https://www.aljazeera.com/news/2026/4/1/trump-tells-allies-get-your-own-oil-says-iran-war-could-end-in-2-3-weeks","","True",""
"99","2026-03-31 22:00:51.495371+00","Reuters via Google News","L0","HIGH","Middle East / Europe-Atlantic","Military Operations & Diplomacy","Europe pushes back on US military operations as concerns over Iran war mount","European governments are formally objecting to escalating US military operations targeting Iran, signaling NATO-US strategic divergence and risk of further regional conflict escalation.","https://news.google.com/rss/articles/CBMiuwFBVV95cUxPTGI1RDRzSnZ0MW9jTlhyd0tGNFdjQk5EQkwtS3U3UjJXUzFxR05NRVlmT01WLUtEeGlTZzhiUExVbEpENElQT05YckFqcS1URTRZQUZtMzZ1UF9YSXFUYVNlT2ttbjRaTFlhUXVkQmJHVV9oUUFtNjA2N1VzVFpOS0QxNFkzeWozYmFOYWx0bFZ3YzJESUtxZ2RfREtYR2RiaWFQS2VBRzdhcUpUNTBVRGQyMkYweHFHd0Ew?oc=5","","True",""
"98","2026-03-31 19:00:43.306541+00","TASS (citing Iran Foreign Ministry — Abbas Araghchi)","L0","HIGH","Middle East (Iran, Israel, Lebanon, Syria)","Military Crisis / Diplomacy Rupture","US-Israeli strikes on Iran escalate; Iran seeks complete end to Middle East war, not ceasefire","Iran's top diplomat Abbas Araghchi demands complete end to Middle East war with guarantees against future aggression, rejecting ceasefire-only framework. Simultaneous reports: Iranian Interior Minister thanks Russia/allies for humanitarian aid; WHO reports attacks on Tehran WHO office (no casualties). DoD confirms CENTCOM operations at 'wartime speed' under Operation Epic Fury—largest Tomahawk campaign in single operation (850+ missiles per CSIS). EU pushing back on US military operations amid Iran war concerns.","https://tass.com/world/1774980521","","True",""
"97","2026-03-31 16:00:36.876491+00","TASS","L0","HIGH","Middle East / Iran","Military/Cyber Threat","US-Israeli strikes on Iran; Iran's Revolutionary Guards threaten to attack US tech firms in Mideast","Iran's Revolutionary Guards have issued explicit threats to attack US technology and AI companies operating in the Middle East in response to US-Israeli military strikes. Simultaneously, Russian envoy reports Russian citizens evacuating via Azerbaijan, and Moscow offers to facilitate Middle East conflict resolution.","https://tass.com/world/middle-east-conflict","","True",""
"96","2026-03-31 13:00:34.64755+00","UN News","L0","HIGH","Middle East / Strait of Hormuz","Maritime Crisis / Humanitarian","20,000 seafarers stranded in Strait of Hormuz as Middle East war continues; UN calls situation 'unprecedented' in post-WW2 era","More than 20,000 merchant seafarers remain trapped on vessels in the Strait of Hormuz amid active Middle East conflict. UN agencies report humanitarian crisis with vital food aid blocked; situation described as having no historical precedent since 1945.","https://news.un.org/en/story/2026/03/1167224","","True",""
"93","2026-03-31 04:00:40.664596+00","Reuters via Google News","L0","HIGH","Middle East/Persian Gulf","Military/Kinetic","Giant oil tanker off Dubai hit by Iranian strike; Trump threatens to obliterate Iran energy, oil plants","Iranian strike against commercial shipping in Gulf of Oman; U.S. administration escalates retaliatory rhetoric with threats to strike Iranian energy infrastructure. Marks direct military action against third-party vessel amid U.S.-Iran tensions.","https://news.google.com/rss/articles/CBMizAFBVV95cUxQeTZaSk9nelRiZUdKVzVicVE0TTV5RDN6YWwxZ1pLckI5WU5pU1R5OE81OW5jM3QxUFpuVW1kN1ZCal83VXJBZGZScWlZSFhkUVIwVFRyUHA0bkZxOHBrU0xHX0F0d3ZwQWlIM3ZYZk1KcWtVd1dMN1ZtcUJDNkY0OW1taVN5VWc3TmVyNVBuczItZHBzRmJacHZlSkJOOFZwUDgtVmZsUy16RmIzYzFyMkR4OFV6VVFDRHRYRlBiUV9iWWthS3JYckFsVzk","","True",""
"91","2026-03-30 22:00:35.39081+00","Al Jazeera / UN News","L0","HIGH","Middle East / Lebanon","Military / Peacekeeping","UN Condemns Killing of Indonesian Peacekeepers in Lebanon","Indonesian UNIFIL peacekeepers killed in southern Lebanon. UN formal condemnation issued. Escalation of hostilities affecting peacekeeping operations in active conflict zone.","https://www.aljazeera.com/video/newsfeed/2026/3/30/un-condemns-killing-of-indonesian-peacekeepers-in-lebanon","","True",""
"89","2026-03-30 16:00:39.195734+00","UN News","L0","HIGH","Middle East / Levant","Military / UN Peacekeeping / Diplomacy","UN peacekeeper killed, another seriously injured in Israel-Hezbollah clashes; war enters second month","Further attacks reported across Middle East as Israel-Hezbollah conflict escalates into second month. One UN peacekeeper killed in Lebanon on Sunday, another seriously injured. Diplomatic efforts announced by UN. Regional tensions spreading.","https://news.un.org/en/story/2026/03/1167215","","True",""
"88","2026-03-30 13:00:40.161865+00","Al Jazeera / UN News","L0","HIGH","Middle East (Iran-Israel-Lebanon nexus)","Military/Security","Iranian missiles trigger sirens across northern Israel; UN peacekeeper killed in Lebanon amid Israel-Hezbollah hostilities","Iranian missile strikes on Israeli territory reported with homes damaged; concurrent UN peacekeeper casualty in southern Lebanon during active Israel-Hezbollah hostilities. Escalation signal within broader Middle East conflict dynamics.","https://www.aljazeera.com/video/newsfeed/2026/3/30/homes-damaged-as-iranian-missiles-trigger-sirens-across-northern-israel","","True",""
"87","2026-03-30 10:00:36.889072+00","Al Jazeera / UN News","L0","HIGH","Middle East / Levant","Military/Conflict","Israeli strikes on Beirut suburbs amid Hezbollah hostilities; UN peacekeeper killed in Lebanon","Israeli airstrikes struck Beirut suburbs on March 30, 2026. Simultaneously, UN reports indicate a peacekeeper was killed and another seriously injured in southern Lebanon on March 29 amid active hostilities between Israel and Hezbollah. UN Secretary-General Guterres called for accountability.","https://www.aljazeera.com/video/newsfeed/2026/3/30/smoke-rise-from-beirut-suburbs-following-israeli-attack","","True",""
"86","2026-03-30 07:00:46.625087+00","Reuters via Google News","L0","HIGH","Middle East / Persian Gulf","Military/Kinetic","Indian worker killed in Iranian attack on Kuwait power, desalination plant","Iran conducted a direct attack on critical infrastructure in Kuwait (power and desalination plant), resulting in at least one confirmed fatality. Represents significant escalation in regional tensions and direct cross-border strike capability demonstration.","https://news.google.com/rss/articles/CBMitgFBVV95cUxPV3hpa0lfb3B2VWpLc09CQVRValprYTJoT0hwNHBGTFJnWHVld1RrUktQTUxMNFhLTEp3RlVtdFhwUjdoWlA2d0l1RzJHS2cyQjVvRWd0RVhZbTY3WDZkeFpnMHVXMXNQclRjYnRnenRzVGxxaXhBYzdNMGhjeEhIT1MyekptQ05NT1dibHdUZGhwU3M4c2s1WTV5aktENVphdERxR0lqZ0VPVmt6Vy1wM0NxYWZKUQ","","True",""
"85","2026-03-30 04:00:40.588083+00","TASS (citing Trump statements)","L0","MEDIUM","Middle East (Iran/Strait of Hormuz)","Diplomacy/Military Signaling","Trump signals Iran nuclear deal framework; US-Israel strikes escalation posture ongoing","Trump claims Iran 'ready to accept many US demands,' cites direct and indirect negotiations via emissaries. Simultaneously maintains maximum pressure: demands nuclear disarmament, threatens Strait of Hormuz closure capability. 20 oil tankers permitted passage reported. Signals negotiation track alongside military posture.","https://tass.com/world/us-israeli-strikes-iran","","True",""
"84","2026-03-30 01:00:35.110516+00","Al Jazeera (verified via TASS corroboration)","L0","HIGH","Middle East / Persian Gulf / Red Sea","Military/Kinetic Warfare","Iran War Escalation: Kuwait Power Station Hit, Israeli Interceptions of Houthi Drones, US-Israel Strike Planning","Indian worker killed in Iranian attack on Kuwait power and desalination plant; Israel intercepts Houthi drones from Yemen; US-Israel discussing next steps targeting Iran's military-industrial base; strikes reported on Mehrabad Airport and Central Bank branch in Tehran. Escalation in active kinetic phase with third-country infrastructure now targeted.","https://www.aljazeera.com/news/liveblog/2026/3/30/iran-war-live-worker-killed-in-kuwait-israel-intercepts-drones-from-yemen","","True",""
"82","2026-03-29 19:00:35.299206+00","Al Jazeera","L0","HIGH","Middle East (Israel-Lebanon)","Military/Territorial Expansion","Netanyahu orders military to expand invasion of southern Lebanon","Israeli PM Netanyahu announces military expansion of security buffer zone in southern Lebanon, marking escalation of cross-border military operations beyond initial incursion scope.","https://www.aljazeera.com/news/2026/3/29/netanyahu-announces-expansion-of-security-buffer-zone-in-south-lebanon","","True",""
"81","2026-03-29 16:00:37.804099+00","TASS / AP News","L0","HIGH","Ukraine/Middle East (dual theater)","Military/Kinetic Ops","Ukrainian attack leaves Zaporizhzhia NPP host city without power; Houthi missile attack on Israel stokes Red Sea shipping fears","Two simultaneous tactical escalations: (1) Ukrainian forces struck Zaporizhzhia NPP area, causing citywide blackout per Zaporizhzhia mayor; damage assessment ongoing. (2) Houthi anti-ship missile fired at Israeli vessel in Red Sea, raising risk of renewed maritime disruption and potential US/Israeli countermeasures. Both signals indicate tactical escalation in parallel theaters without strategic de-escalation signals.","https://tass.com/military-defense/ + https://apnews.com/hub/middle-east","","True",""
"80","2026-03-29 13:00:40.3247+00","AP News (via Google News)","L0","HIGH","Middle East / Red Sea","Military / Proxy Conflict","Houthi Missile Attack on Israel Escalates Red Sea Shipping Threat","Houthi forces conducted a missile attack targeting Israel, reigniting concerns over regional escalation and potential disruption of Red Sea maritime commerce. Attack signals renewed proxy warfare cycle and threatens global shipping lanes critical to $1.3T annual trade.","https://news.google.com/rss/articles/CBMikgFBVV95cUxNRlZTZnRnR0tGckFFMFNyZkFpMkFYSm41Y3FmNmtWTlF0ZWZIYlpGZE04SFc4Nm9nZENQMFVNWW1kUURBSjR5Q1pfS3BIR3FFUUNTRDY5N1A4RUxRUHROTnNoLUdNX2J6ckVmNGhJM2dYaFRSQmFXX2VCM1RXcHNxeWlOR2F5VV9qQ2lQa09FS0xndw","","True",""
"79","2026-03-29 10:00:41.066421+00","Al Jazeera / TASS (multi-source corroboration)","L0","HIGH","Middle East / Iran","Military Operations / Diplomacy / Crisis Escalation","Pentagon readies for weeks of US ground operations in Iran; US-Israeli strikes trigger Russian diplomatic rupture","Pentagon operational planning documents signal sustained US ground campaign in Iran. Concurrent reports: US-Israeli strikes on Iranian targets completed. Russian Kremlin spokesman Peskov (TASS, 11:45-11:50 UTC) declares Board of Peace negotiations 'less current' and warns strikes have 'harmful consequences for peace' with 'long-term implications.' Russia has not decided on Board of Peace entry. Escalation signal: ground ops + diplomatic rupture + potential Russian non-engagement from mediation architecture.","https://www.aljazeera.com/news/2026/3/29/pentagon-readies-for-weeks-of-us-ground-operations-in-iran-report","","True",""
"78","2026-03-29 07:00:36.243611+00","TASS","L0","HIGH","Middle East / Persian Gulf","Military/Strike Operations","Five killed in bombing of Iranian port; US-Israeli strikes on Iran escalate regional tension","Al Hadath reports 5 fatalities in Iranian port bombing with 2 ships catching fire. Follows pattern of US-Israeli strike campaign. Immediate regional escalation risk amid Middle East war (per UN digest noting Feb outbreak).","https://tass.com/world/1167890","","True",""
"76","2026-03-29 01:00:33.30001+00","Al Jazeera","L0","HIGH","Middle East / Iran-Israel Theater","Military Escalation / Diplomatic Crisis","Iran War Escalation: Tehran Warns US, Houthis Fire Missiles at Israel, Anti-War Protests in Tel Aviv","Middle East conflict intensifying. Tehran issues direct warnings to US; Houthi proxy forces conducting active missile strikes against Israeli targets; domestic Israeli opposition (Tel Aviv protests) signals fracturing consensus. UN Secretary-General previously warned this theater risks 'igniting a chain of events that no one can control.'","https://www.aljazeera.com/news/liveblog/2026/3/29/iran-war-live-houthis-attack-israel-anti-war-protesters-rally-in-tel-aviv","","True",""
"75","2026-03-28 22:00:39.169423+00","Al Jazeera","L0","HIGH","Persian Gulf / Middle East","Military Strike / Regional Escalation","Kuwait airport hit by Iranian drone strikes","Iranian drone strikes on Kuwait's airport infrastructure reported on 28 March 2026. Escalatory strike on critical Gulf transportation hub with regional/global implications for energy security and US Fifth Fleet operations.","https://www.aljazeera.com/video/newsfeed/2026/3/28/kuwait-airport-hit-by-iranian-drone-strikes","","True",""
"74","2026-03-28 19:00:44.542232+00","CSIS / Reuters / TASS","L0","HIGH","Middle East / Red Sea / Iran Theater","Military/Strike Activity + Diplomatic Breakdown","US-Israeli strikes on Iran escalate; Houthis confirm attack on Israel; 850+ Tomahawks fired in Operation Epic Fury","CSIS reports 850+ Tomahawks launched in Operation Epic Fury—largest single air campaign strike volume. Reuters confirms Houthis attacking Israel for first time in current war cycle. TASS reports 3 killed, 7 wounded in airstrike on Shiite militia HQ near Kirkuk, Iraq. Concurrent mass protests in Washington, The Hague, London against US/Israeli policy. Oil markets pricing in ceasefire failure.","https://news.google.com/rss/articles/CBMioAFBVV95cUxPcFFrYUNYeUlLMEV0R3lCb1BLM1pBM2ZvRUtjR1hPMnFMY0t1UDFoSDdzTXRMVDAxb0h6S3hsYWFoN0NnM3QzOUdmOFJhVlJSM2Eza3VHdzU5SVctek5WYU8yNGlGcEJDTkc4aHJvdDFyVUt4d2pEbEM4NDU1UzdXNmlJVGh1ajJi","","True",""
"72","2026-03-28 13:00:35.024302+00","Al Jazeera (via Reuters feed)","L0","HIGH","Middle East / Persian Gulf","Military / Direct Attack","At least 15 US troops wounded in Iran strike on Saudi airbase","Iranian ballistic or cruise missile strike on Saudi Arabian airbase housing US military personnel resulted in 15+ wounded. Escalation signal in active Iran-US-Israel conflict zone. Confirms direct Iranian targeting of US forward deployment.","https://www.aljazeera.com/news/2026/3/28/at-least-15-us-troops-wounded-in-iran-strike-on-saudi-airbase-reports","","True",""
"71","2026-03-28 10:00:38.208451+00","Reuters via Google News","L0","HIGH","Middle East - Red Sea, Iran-Israel Theater","Military/Naval Operations, Regional Escalation","Yemen's Houthis confirm launching attack on Israel; ready to join Iran war if needed","Yemen's Houthi movement has confirmed launching direct attacks on Israel and signaled readiness to escalate involvement in the Iran-Israel conflict. This marks operational escalation from previous Red Sea shipping disruptions and represents a third-front threat to Israeli security. Traders are doubting ceasefire prospects, driving oil price gains.","https://news.google.com/rss/articles/CBMiwAFBVV95cUxNNVhVWlVDQkU4VVhQaUJXRUNiQ0JkaVFXdDlJVUU1bHpudFp2MWU0MHppYmFkWndKR3lGRmUzd0llNEVaMzZJVzVoOElXT1FIZ3JHa2tNOXRFLVFjamV5TjkyaUs2MlhYQzlxUi1NNldSSnMtbFNrSHVBT1F0Y2Q4SHBTN1U5U29nbTRyU0JDRlZweGdzVXBRbzJkeXNSX3F5VnloWjlFVzQ1WVlmbVViTHpCRkpOV0JrYUtpMVFQRGc","","True",""
"70","2026-03-28 07:00:44.128192+00","Al Jazeera","L0","HIGH","Levant/Middle East","Military/Humanitarian","Israel's unending attacks in Lebanon push country's population to the brink","Sustained Israeli military operations in Lebanon have reached critical humanitarian thresholds. Population displacement accelerating; infrastructure collapse; cross-border destabilization signals.","https://www.aljazeera.com/features/2026/3/28/israels-unending-attacks-in-lebanon-push-countrys-population-to-the-brink","","True",""
"69","2026-03-28 04:00:39.594139+00","TASS / Reuters (verified via Google News military feed)","L0","HIGH","Middle East / Iran-Israel-US Triangle","Military / Strategic Escalation","US-Israel strikes on Iran; Iranian counterattack on Saudi airbase injures 12 US troops","Iranian military conducted strike on US airbase in Saudi Arabia (Al-Dhafra or similar), wounding 12 US servicemembers. TASS reports 13 killed and 300+ injured across operation. Iran University of Science and Technology targeted. Tehran rejects US claims of Iranian Navy destruction. Bombing reported in Tehran and Isfahan.","https://tass.com/world/1775431","","True",""
"68","2026-03-28 01:00:40.424923+00","Al Jazeera / AP News / TASS","L0","HIGH","Middle East / Persian Gulf","Military/Crisis Escalation","Trump declares US-Israeli war on Iran creating 'new Middle East'; Iranian missiles strike Saudi base injuring US troops","President Trump publicly frames ongoing US-Israeli strikes on Iran as existential regional restructuring. Simultaneously, Iranian attack on Saudi base housing US forces injures 10+ servicemembers and damages multiple aircraft. IAEA notifies of additional strike near Bushehr nuclear facility with no reported damage. Oil markets respond with price gains on doubts of ceasefire prospects.","https://www.aljazeera.com/video/newsfeed/2026/3/28/trump-says-us-israeli-war-on-iran-creating-a-new-middle-east","","True",""
"67","2026-03-27 22:00:35.479805+00","Al Jazeera / TASS","L0","HIGH","Middle East (Iran)","Military/Strategic Strikes","US-Israel Month-Long Air Campaign Against Iran; Russia Flags Bushehr Nuclear Safety Threat at UN","Sustained US-Israeli air strikes continuing across Iran for one month. Russian UN delegation raises nuclear safety concerns regarding strikes near Bushehr nuclear plant. CSIS analysis documents air campaign metrics. Oil market reaction reflects ceasefire skepticism.","https://www.aljazeera.com/news/2026/3/27/guns-in-the-streets-as-us-israel-intensify-month-long-attacks-across","","True",""
"66","2026-03-27 19:00:36.702104+00","CSIS (Center for Strategic and International Studies)","L0","HIGH","Middle East / Iran","Military Conflict & Regional Stability","Iran War: Air Campaign Assessment After Three Weeks—Escalating Humanitarian & Regional Spillover","CSIS quantitative assessment of ongoing Iran air campaign (est. 3 weeks duration). Signals sustained strikes, critical infrastructure targeting, and downstream humanitarian crisis in Middle East region affecting food/fuel prices, destabilizing Myanmar and other fragile states per UN WFP reporting.","https://news.google.com/rss/articles/CBMikAFBVV95cUxNRjY1V0h6WWNSYW9CYXFzaENsMVZPNmtzb0hkdkZGc19aWHhwYWFzc1paSkV5T3pvbk1ranNmLXQwNG5EZTJSYVpHcVV4TW5xbzdPREQtekFudXhKalFSUWVyMGlibTJvSlZFcmdQdkNETzdsQ2V4bG54NFpBZVd3SnhuOGItb09TVUVDSEhPTEs","","True",""
"65","2026-03-27 16:00:37.893921+00","UN News","L0","HIGH","Middle East (Iran, Israel, Gaza, Lebanon)","Military/Humanitarian","Middle East War: Humanitarian Crisis Deepens Across Region; UN Highlights Healthcare Attacks and Evacuation Strike Fears","One month after Israeli and US airstrikes on Iran, UN agencies report intensifying humanitarian catastrophe with attacks on vital healthcare infrastructure, displacement of civilians with 'no safe space,' and ongoing terror from bombardment. UN chief calls for release of 118 detained UN staff.","https://news.un.org/en/story/2026/03/1167207","","True",""
"64","2026-03-27 13:00:38.159103+00","Al Jazeera","L1","HIGH","Eastern Europe / Middle East","Defence & Diplomacy","Ukraine-Saudi Arabia Defence Pact Announced","Ukraine announces 'mutually beneficial' defence deal with Saudi Arabia, marking significant diplomatic shift in Middle East-Eastern Europe alignment amid ongoing conflict and sanctions pressure.","https://www.aljazeera.com/news/2026/3/27/ukraine-announces-defense-pact-with-saudi-arabia","","True",""
"63","2026-03-27 10:00:37.073798+00","UN News / FAO","L0","HIGH","Persian Gulf / Global","Economics & Supply Chain","Persian Gulf Crisis Triggers Severe Global Commodity Disruption","UN FAO Chief Economist warns intensifying Persian Gulf conflict has triggered 'one of the most rapid and severe disruptions to global commodity flows in recent times,' impacting food security globally.","https://news.un.org/en/story/2026/03/1167205","","True",""
"62","2026-03-27 07:00:42.256293+00","Reuters via Google News","L0","HIGH","Middle East / Persian Gulf","Military/Diplomatic","Trump Pauses Iran Energy Plant Attacks; Diplomatic Talks Progress","Trump administration has paused military strikes against Iranian energy infrastructure, signaling a potential de-escalation path. Official statements indicate ongoing diplomatic negotiations are 'going well,' suggesting potential for negotiated settlement over military escalation in the Persian Gulf crisis.","https://news.google.com/rss/articles/CBMizgFBVV95cUxPS0hIcVlXMlA3NVNtTzZiX2FBSlk0cmtyc2JCdnpNdlB2UFhUTFRWZ3dQZkU4TmtSdjNuWUJ1bm1NblMtWkR6Y3pwV09nRFlneGxBQi1IQWdfLWI2UDd4cGR2ZkJGcndXTy15dGxkMkpjNWd5OU1ZQ2w4X3hLWm16Q0xGd1hRaTFBZXI2UTdWaGNIY0g4SmVMRk55Tlg5c2NCcG95d201SmxWYVdOYW9MOVlQaGNJUlZLMDRxY05aaE5weDVEeFl5ajEwejNrZw","","True",""
"61","2026-03-27 04:00:42.834564+00","Reuters via Google News","L0","HIGH","Middle East / Persian Gulf / Eastern Europe","Military/Diplomacy/Sanctions","Trump pauses attacks on Iran's energy plants, says talks 'going well'","Trump administration halts strikes on Iranian energy infrastructure citing active diplomatic negotiations. Iranian FM Abbas Araghchi calls for UN condemnation of aggressors; Persian Gulf disruptions severe. Russian forces advance 500m toward Ray-Aleksandrovka in DPR. Houthi threat escalation for shipping.","https://news.google.com/rss/articles/CBMizgFBVV95cUxPS0hIcVlXMlA3NVNtTzZiX2FBSlk0cmtyc2JCdnpNdlB2UFhUTFRWZ3dQZkU4TmtSdjNuWUJ1bm1NblMtWkR6Y3pwV09nRFlneGxBQi1IQWdfLWI2UDd4cGR2ZkJGcndXTy15dGxkMkpjNWd5OU1ZQ2w4X3hLWm16Q0xGd1hRaTFBZXI2UTdWaGNIY0g4SmVMRk55Tlg5c2NCcG95d201SmxWYVdOYW9MMDlZUGhjSVJWSzA0cWNOWmhOcHg1RHhZeWoxMHozazc?oc=5","","True",""
"60","2026-03-27 01:00:44.922934+00","Reuters / Al Jazeera / DoD News / CSIS","L0","HIGH","Middle East/Persian Gulf","Military / Crisis Escalation","Persian Gulf Crisis Accelerates: Uncrewed Drone Boats Deployed, Iranian Navy Commander Killed, Trump Delays Energy Sector Strikes by 10 Days","US deploys uncrewed drone boats in escalating Iran conflict; DoD confirms death of Iranian Navy Commander; Trump administration signals 10-day pause on strikes targeting Iranian energy sector; FAO warns Persian Gulf disruption worst since 2008 financial crisis; Lebanon-Israel cross-border fire continues.","https://news.google.com/rss/articles/CBMiswFBVV95cUxNYzJHYmtaaHA4R3BQVlB4eDNWU3JOQ1c0TFF4Uk4zcUlzYnhtNUFtdEpnVl9abEVWWXI3SzRUUkZ2UmJpb0NxMjZJZERNWW5LQ0s5eWptNzR2bnk5LVgzb1dwNTRwMTQtRkprOTZDcTlKYURjT1ctVVd6YnRNcEVFR016a0NDSmQyaW5YQ1hwaXFWSmFwSnIxbFdJTmd0QUdRN2RGZ3JtaGU1UjhKaW5TU1lIWQ","","True",""
"59","2026-03-26 22:00:35.180538+00","DoD News / TASS / Reuters (Google News)","L0","HIGH","Middle East / Red Sea / Eastern Europe","Military / Diplomacy / Naval","US-Israeli Strikes on Iran + Lavrov Backchannel Claims; Houthis Escalation Signal","DoD confirms Iranian Navy Commander killed in US-Israeli air campaign (ongoing 3+ weeks). TASS quotes Lavrov alleging US-Ukraine talks ongoing while trilateral consultations halted; Lavrov frames US-Israeli Iran strikes as 'backstabbing' amid negotiations. Reuters reports Yemen Houthis ready to join Iran war if needed, escalating Red Sea risk.","https://www.war.gov/News/News-Stories/Article/Article/4445","","True",""
"58","2026-03-26 19:00:39.756265+00","DoD News (Secretary Hegseth)","L0","HIGH","Middle East / Persian Gulf","Military/Kinetic Ops","Iranian Navy Commander Killed in Israeli Strike; Operation Epic Fury Ongoing","Secretary of War Pete Hegseth confirmed the killing of the Islamic Revolutionary Guard Corps (IRGC) navy's top commander by Israeli military as part of ongoing Operation Epic Fury kinetic strikes against the Iranian regime. Represents major escalation in Iran-Israel conflict with direct U.S. military integration.","https://www.war.gov/News/News-Stories/Article/Article/4445219/hegseth-relays-death-of-iranian-navy-commander-provides-additional-oef-updates/","","True",""
"57","2026-03-26 16:00:29.830424+00","Al Jazeera (citing WTO)","L1","HIGH","Global","Trade/Economics","WTO warns of worst trade disruption in 80 years amid geopolitical fragmentation","WTO formally stated world is experiencing worst trade disruption in 80 years. Signal aligns with reported Pentagon consideration of redirecting Ukraine military aid to Middle East (Reuters via Google News) and ongoing Russia-US economic discussions despite EU opposition (TASS).","https://www.aljazeera.com/video/newsfeed/2026/3/26/wto-says-world-experiencing-worst-trade-disruption-in-80-years?traffic_source=rss","","True",""
"56","2026-03-26 13:00:33.100282+00","Al Jazeera / TASS","L0","HIGH","Middle East / Persian Gulf","Maritime Security / Diplomacy","Iran charging ships for Strait of Hormuz passage; Egypt mediating US-Iran talks on Middle East conflict","GCC chief reports Iran imposing charges on vessels transiting Strait of Hormuz. Simultaneously, Egypt confirms active diplomatic engagement with US and Iran to end Middle East conflict. Kremlin notes risk of conflict expanding. Combined signals indicate Iran escalation + de-escalation track operating in parallel.","https://www.aljazeera.com/video/newsfeed/2026/3/26/video-gcc-chief-says-iran-charging-for-ships-to-pass-strait-of-hormuz","","True",""
"54","2026-03-26 07:00:41.844489+00","TASS (Iranian attack); Reuters via Google News (UK maritime action)","L0","HIGH","Middle East / Eastern Mediterranean / Gulf","Military Strike + Maritime Enforcement","Iranian Missile Strike on Central Israel; UK Authorizes Naval Interdiction of Russian Shadow Fleet","TASS reports Iranian missiles struck central Israel (08:35 UTC Wed 26 Mar). Correspondent notes no immediate reported damage. Concurrently, UK authorizes military boarding of Russian shadow fleet tankers—escalation of Western maritime enforcement against sanctions evasion. Iran simultaneously reviewing US ceasefire proposal without active talks.","https://news.google.com/rss/articles/CBMipAFBVV95cUxNOG50clRiMTRtdlJVSFJ3UmtoRGdMTjktQ1c5S29kb0gxT0VMeUlPSGdfYkc4VEJ6RkNhTWc1QzBpLVdDeXFGYjJqU0lvYzlOVllySjlOeW94Y2tDemY0TXlvN2luZDBaZmhVcmJ1alI3dm1qazlQZDhFdkJsd3JQZDBzX2NFNmZjN1BkSldteEd6SnREbkdDV1pWQ0ZxNUx2Z3B6LQ","","True",""
"53","2026-03-26 04:00:37.16125+00","TASS (citing Iranian state TV)","L0","MEDIUM-HIGH","Middle East","Military Operations / Escalation","US-Israeli strikes on Iran; Iran's largest cities under air attack","Iran's major cities reported under air attack (Thu 26 Mar 06:11 UTC). TASS reports US-Israeli coordinated strikes. No immediate casualty/damage data. Trump administration signaling willingness to end Iran conflict within weeks per media.","https://tass.com/world/1774490958","","True",""
"52","2026-03-26 01:00:33.858557+00","Al Jazeera / TASS synthesis","L0","HIGH","Middle East (Iran, Lebanon, Israel)","Military Operations / Diplomatic Crisis","US demands Iran accept defeat; Israel pounds Lebanon amid escalating Middle East conflict","Active military strikes on Iran ongoing. US diplomatic messaging hardening to demand surrender terms. Israel conducting sustained operations against Lebanon. Russia attempting diplomatic de-escalation. Ceasefire frameworks fragmenting. Regional state collapse risk moderate-high.","https://www.aljazeera.com/news/liveblog/2026/3/26/iran-war-live-us-demands-tehran-accept-defeat-israel-pounds-lebanon","","True",""
"51","2026-03-25 22:00:28.970227+00","Reuters","L1","HIGH","Middle East/Persian Gulf","Maritime Security & Energy","Western Powers Unable to Secure Red Sea Shipping; Strait of Hormuz Risk Escalation","Reuters reports Western maritime coalition unable to establish secure shipping corridor in Red Sea. Analysis flags Strait of Hormuz as next critical chokepoint vulnerable to Iranian asymmetric pressure or Houthi escalation. Geopolitical implications: regional power vacuum and energy market volatility.","https://news.google.com/rss/articles/CBMiwgFBVV95cUxObXYyUE82WTFKZGx3dy1aLWtwQkJHQ0xtaTdYX1U2b2Nnclp0VmdYY1kwa0lEUEk3dVJDdmdQYXNQeHJmV3hhUExNalF6UHJTLUhhTDlnM3NYZmZQOGswQWpncm9ycjJxN1NvMmc0S1pGa0pJWFBhNjFLTlZ6c1JidTU1bGdaRHRIektUaS1oZlFtZ","","True",""
"49","2026-03-25 16:00:41.221306+00","UN News / Al Jazeera / AP News","L0","HIGH","Middle East (Israel/Iran/Lebanon), Eastern Mediterranean, Strait of Hormuz","Military/Diplomatic/Economic Warfare","Middle East Conflict Day 26: Iran rejects US ceasefire proposal; 2,000 US troops mobilizing to region; Strait of Hormuz tensions escalate","Active Middle East war now in day 26. Iran dismissed US ceasefire plan as 'maximalist, unreasonable' and issued counterproposal. Israeli strikes on Lebanon intensifying (1,094+ dead, 1.05M displaced). Approximately 2,000 US troops reportedly mobilizing to region. Iran notified UN maritime agency that Strait of Hormuz remains open only to 'non-hostile' vessels not associated with US/Israel. UN Human Rights Council convened urgent debate. Russian tanker attacked in Mediterranean creating environmental disaster risk.","https://news.un.org/feed/view/en/story/2026/03/1167195","","True",""
"48","2026-03-25 13:00:39.18984+00","TASS / AP News / Reuters","L0","HIGH","Middle East / Persian Gulf","Military Operations / Diplomatic Crisis","Israeli strikes on Iran's submarine facility; Iran receives US ceasefire plan amid Middle East escalation","Israeli military claims successful strikes against Iran's only submarine development facility and unmanned boat manufacturing center (25 Mar 15:31 UTC+3). Simultaneously, AP reports Iran has received a US ceasefire proposal as strikes continue to batter Middle East region. UN Security Council heard on 24 Mar that US-backed Gaza recovery plan is critical amid escalating tensions.","https://news.google.com/rss/articles/CBMipAFBVV95cUxNTVVzQjRTdGtHV0k2X0ZQYWRpRXJqMHhpUE80ZUFTZTFadFl3RGZjSWpjV1FTTEJYY1h5WTdwU2d3RWlmdEFGNV9QX3dpaEhFU3QtLVdKQldfUmdqY2JRUjY4SU5SY0NhNFY5WDBQaVlMOUQ4NTdsRXIxZHllOUsxclR4N3JmMTc5Z2NMR2IyZDJ0ZS02M3dzSjdCSFFULWFxeVNrYg","","True",""
"47","2026-03-25 10:00:38.512629+00","TASS","L1","HIGH","Eastern Europe / Russia-Ukraine","Military Operations & Energy Markets","Ukraine launches 120 UAV strikes on Russian Belgorod Region; Brent crude falls 6.8%","Ukraine conducted nearly 120 UAV attacks on Russia's Belgorod Region within 24h, with two men injured in FPV drone strike in Zamostye village. Concurrent energy shock: Brent crude dropped >6.8%, WTI May futures down 5.45%, driven by Middle East tensions and supply concerns. Hungary accounts for ~15% of Ukraine's pre-halt gas consumption.","https://tass.com/russia/1348901","","True",""
"46","2026-03-25 07:00:43.319523+00","Reuters via Google News","L0","HIGH","Middle East / Persian Gulf","Military/Kinetic + Energy Security + Diplomacy","Drone Attack on Kuwait International Airport Fuel Tank; Ceasefire Reports Drive Oil Retreat","Drone attack struck fuel storage infrastructure at Kuwait International Airport, causing fire. Concurrent reports of Middle East ceasefire negotiations drive oil price retreat and equity market gains. Signals dual escalation (kinetic attack on critical infrastructure) and de-escalation diplomacy simultaneously active in same theater.","https://news.google.com/rss/articles/CBMiwAFBVV95cUxNZlROalBYZTJIc1BRYjhXcXU0MlFMa2pHQVdtS3dqck40Z01NTzVsaFN1WldEa0VFZzduWmNSM21tLWc4QldPc0ZKRW9BLXZCd0hacC02SzQ0WjNUMktFSlRrVGhidEF4WEh5UmdmN1pOblFjeEExVm16TVB0QUtSeXhHNXhOZTBiMmlCM25wakNmd2xDWnB1ZFczc2VNY05BZGQycDdwRml3MkFLZ2RIQ0R2bnRBOVh6b09kS1hiSVE","","True",""
"45","2026-03-25 04:00:42.098095+00","TASS/NYT, Al Jazeera, Reuters","L0","HIGH","Middle East (Iran-US nexus, Gulf)","Military Ops / Crisis Escalation","Pentagon deploys 2,000 paratroopers to Middle East amid Iran tensions; drone attack hits Kuwait airport","US deploys 82nd Airborne Division 'Immediate Response Force' (2,000 personnel) to Middle East. Concurrent: drone attack ignites fuel tank at Kuwait International Airport; Iran issues 'non-hostile ships' transit warning through Strait of Hormuz. Iran suspects US military buildup is negotiation deception tactic per Axios.","https://tass.com/world/1774399711","","True",""
"44","2026-03-25 01:00:40.469578+00","Al Jazeera (liveblog)","L0","HIGH","Middle East / Persian Gulf","Military / Diplomacy / Crisis","Iran War Escalation: 12 Killed in South Tehran; Trump Claims Talks Underway","Confirmed airstrikes on south Tehran with civilian casualties (12 killed). Trump publicly states negotiations ongoing, yet active strikes continue. Strait of Hormuz closure threat by Iran noted. Indicates dual-track posture: military ops + diplomatic messaging.","https://www.aljazeera.com/news/liveblog/2026/3/25/iran-war-live-trump-again-says-talks-underway-12-killed-in-south-tehran","","True",""
"43","2026-03-24 22:00:40.229953+00","TASS / Al Jazeera (corroborated feeds)","L0","HIGH","Middle East (Iran-Israel-Gulf)","Military / Crisis Escalation","Israel strikes Iran's largest explosives production facility in Isfahan; Iranian missile/drone attacks on Israel and Gulf states ongoing","Israeli Air Force conducted major strikes on Iran's explosives production facility in Isfahan, plus dozens of additional targets including ballistic missile launch sites, weapons production sites, and air defense systems. Follows Iranian attacks on Israel. US-Iran diplomatic channel reports March 26 peace talks scheduled. Trump confirmed Iran uranium enrichment agreement.","https://tass.com/world (Mar 25 00:03:35 +0300)","","True",""
"42","2026-03-24 19:00:38.970519+00","TASS / Al Jazeera","L0","HIGH","Middle East / Persian Gulf","Military / Escalation","IRGC Claims Strikes on Israeli Satellite Comms & US Bases in Middle East; Iran Names New Security Chief","IRGC announced it hit Israeli satellite communications stations and US military bases in Jordan, Bahrain, and Kuwait on 24 Mar. Simultaneously, Iran appointed Mohammad Bagher Zolghadr as successor to slain security chief (implied JCPOA/strike context). US approval rating dropped to 36% over Iran strikes; 61% of Americans view airstrikes negatively.","https://www.aljazeera.com/news/2026/3/24/mohammad-bagher-zolghadr-succeeds-slain-larijani-as-iran-security-chief","","True",""
"41","2026-03-24 16:00:41.363661+00","Reuters / AP News","L0","HIGH","Middle East / Levant","Military / Diplomatic / Crisis","Israel military to occupy swathe of southern Lebanon; diplomatic efforts gather pace amid Iran airstrikes","Israeli Defence Minister announces occupation posture in southern Lebanon concurrent with reported Iranian strikes on Israel and Gulf states. Diplomatic channels activating. UN reports sharp escalation in drone attacks on civilians (Sudan hospital strike). Al Jazeera reports Israeli strike on Tyre during live broadcast.","https://news.google.com/rss/articles/CBMivAFBVV95cUxQWnhpTVZWTm5IVFdUc0VzbnpHMXF5MFlMM0hWWDM5ZVV0ZWsxZmRvcTlWZks5OGZCT3huSnpsdUFfMXRLVnowTllnV3Q4eDlGUzdpbDgybjB2ZjBKQmZ5NmpFUGVpcjJIRUJFZGQxUFVzbnJEM21qNllDdUl6aGVrRVFkdGlpcnE5azhnVlJZUElEeWpyQ0JlTHJ0UjdlamFoVUVteC1pdTJaNGc4NzZhNl9kMTFvbGt2al9QRQ","","True",""
"40","2026-03-24 13:00:29.039652+00","TASS","L0","HIGH","Middle East / Iran","Military Strike / Infrastructure / Environmental Damage / Sanctions Escalation","US-Israeli strikes on Iran oil storage facilities; TASS reports ecocide claim, mass evacuation from Tehran","Iran's UN mission alleges strikes on Tehran oil storage caused ecocide, triggering mass civilian evacuation from capital of 13M. UNESCO mobilizing expert teams for damage assessment. Iranian lawmaker confirms no active ceasefire negotiations despite conflict escalation.","https://tass.com/world","","True",""
"39","2026-03-24 10:00:31.643505+00","Al Jazeera","L0","HIGH","Middle East (Iran-Israel)","Military Strike/Escalation","Drone footage shows aftermath of Iranian missile attack in Tel Aviv","Iranian missile strike on Tel Aviv documented via drone footage. Escalation in Iran-Israel kinetic operations. Strait of Hormuz economic impact compounding regional crisis.","https://www.aljazeera.com/video/newsfeed/2026/3/24/drone-footage-shows-aftermath-of-iranian-missile-attack-in-tel-aviv","","True",""
"38","2026-03-24 07:00:32.872482+00","UN News","L0","HIGH","Eastern Europe / Ukraine","armed_conflict","Ukrainian violence 'worse than ever' as Russian strikes surge; UN Security Council briefing","UN political and peacebuilding affairs head briefs Security Council that four years after Russia's full-scale invasion, violence in Ukraine is escalating beyond previous levels with surging Russian missile/artillery strikes. European members requested open briefing following intensified kinetic operations.","https://news.un.org/en/story/2026/03/1167185","","True",""
"37","2026-03-24 04:00:38.014641+00","TASS","L0","HIGH","Iran / Persian Gulf","Military Operations / Energy Infrastructure","Israel, US strike gas pipeline and distribution station in Iran","Joint US-Israeli strikes on Iranian energy infrastructure (gas pipeline, distribution station). Infrastructure and neighboring residential buildings damaged. No casualties reported at time of publication. Follows pattern of escalating strikes on Iranian energy sector.","https://tass.com/world/1853247","","True",""
"36","2026-03-24 01:00:34.772549+00","TASS / Al Jazeera","L0","HIGH","Middle East / Iran-Israel / South Asia","MILITARY / DIPLOMACY","Iran IRGC confirms missile strikes on Israel, Dimona, Eilat; Pakistan offers to host US-Iran talks","Iran's IRGC confirmed delivery of ballistic/cruise missile strikes targeting Dimona nuclear facility and Eilat military base, plus US army bases. Simultaneous: Pakistan Foreign Ministry (via diplomat Tahir Hussain Andrabi) announces readiness to host US-Iran ceasefire talks if both sides agree. Iran's Supreme Leader adviser Mohsen Rezaei demands full sanctions lift and war reparations before cessation of hostilities.","https://tass.com/world/1774311104","","True",""
"35","2026-03-23 22:00:33.202775+00","UN News","L0","HIGH","Ukraine / Eastern Europe","Military / Humanitarian Crisis","UN Security Council Briefing on Ukraine: Surge in Russian Strikes Since 19 March","Security Council met for open briefing on Ukraine following 18 March letter from Kyiv. Since 19 March, at least 25 civilians killed and 130+ injured in strikes across Donetsk, Sumy, Zaporizhzhia. European members requested meeting citing escalation in Russian attack intensity.","https://news.un.org/feed/view/en/story/2026/03/1167185","","True",""
"34","2026-03-23 19:00:38.720016+00","Reuters via Google News","L0","HIGH","Middle East / Persian Gulf","Maritime Interdiction / Economic Coercion","Iran threatens full Gulf closure and mine-laying in response to coastal attacks","Iran warns of unilateral closure of Strait of Hormuz and mine-laying operations in response to Israeli/US strikes launched 28 Feb 2026. Threatens escalation tied to cultural/military targets damaged in prior 3 weeks. Commodity and fertilizer shortages now acute per UN reporting.","https://news.google.com/rss/articles/CBMiugFBVV95cUxQQ0RHekRXX282RGdBRFhZTkRPTGluSnpiS2hYMUVRSGlmMUo4aVhyVEowTWFwYXF2N2k4TGM2OGpWaWoydEJrbE9SUXE3aXExaVVCMEZRY1EzLXVTa3o1RGJnRzYzOU4tVXJsdXQ5c2RLQ3ZxdEszNmREZDFDa29lbXdUWDVjSjBwSlMyWVM4LU1BaUsyaEFncmJIU3RoMGFzR054YzNpbmRPNDN2YWhsYnk5UmNqTHBQSWc","","True",""
"33","2026-03-23 16:00:47.054439+00","Reuters via Google News; UN News","L0","HIGH","Middle East / Iran","Military/Kinetic","Israeli Military Conducts Strikes in Tehran; Middle East War Enters Fourth Week","Israeli military confirmed active strikes targeting Tehran on 23 Mar 2026. Conflict escalated to fourth week with cultural heritage damage across Iran, Israel, Lebanon. Humanitarian crisis ongoing. UN reports civilian displacement and casualties.","https://news.google.com/rss/articles/CBMiqwFBVV95cUxOdV9Vc000R2tvNUtON0laUDVxamFTZmlURjdzQ3pjdnBJX0VTOXZZT25lMHJEbjZlSFR1LS0weGtqaXFRenAyYk80Zk9mdTZ0bUp3bDZpXzRaNkVFZXBfLXR3MTV2MnI5bm9QNGdFWWNCZU81M0prZW5LZ20zNC1Ua0NvM202dDREWHg2TXBqdXFkT3B1RThVemhfd0R1OEJRYS1BQzJoZjZKOXc","","True",""
"32","2026-03-23 13:00:42.088531+00","Reuters via Google News","L0","HIGH","Middle East / Persian Gulf","Military / Diplomacy","Trump backs down on Iran strikes; US-Iran talks underway amid Middle East war escalation","US President Trump has reversed escalatory posture on Iran, declining strikes on power infrastructure. Reports indicate US-Iran diplomatic engagement underway. Simultaneously, Middle East conflict entering fourth week with humanitarian crisis, Hormuz shipping attacks, and Israeli phosphorus munitions strikes in Lebanon reported.","https://news.google.com/rss/articles/CBMimwFBVV95cUxNWUdURG8xREZXeEtKd25iNE45dnpiSlpVbG9RSS03S01rQWtvb19fVDF0eWZBZUxqR2k2QU13R3pOOEhycUdZU0VoWGlsbllSQkYyTVhkejZxbjYtZ08wdjdTZTkwT01wSi05OUtlZ0dMUU5RQzhjT1JoNTFReWcyY0p1b0loTXAyMDYzR25memU4aU0wQTlJOE9SUQ","","True",""
"28","2026-03-23 01:00:40.51402+00","Al Jazeera / TASS / DoD News","L0","HIGH","Middle East / Persian Gulf / Levant","Military/Strategic/Energy Security","Iran War Escalation: Tehran Threatens Complete Hormuz Closure if Power Plants Targeted; UAE Intercepts Cruise Missiles","Iran threatens complete blockade of Strait of Hormuz if power plants are struck in ongoing US-Israel military campaign (Operation Epic Fury). UAE Defense Ministry reports interception of Iranian cruise missiles. UN reports 1,000+ killed in Lebanon since war start. Gold prices volatile ($4,450-$4,504). Missile reportedly landed in Lebanon (first such incident). DoD confirms 'thousands of Iranian targets' hit.","https://www.aljazeera.com/news/liveblog/2026/3/23/iran-war-live-tehran-vows-to-completely-close-hormuz-if-power-plants-hit","","True",""
"27","2026-03-22 22:00:39.685338+00","TASS / DoD / UN News","L0","HIGH","Middle East (Iran-Israel-Lebanon axis)","Military/Crisis","US-Israeli strikes on Iran nuclear facilities; escalation into Lebanon ground operations","IDF approves ground operations against Hezbollah in Lebanon (Eyal Zamir statement, 22 Mar 22:51 UTC+3). Hezbollah confirms Mount Meron airbase attacked by kamikaze drones (4+ strikes). US-Israeli strikes on Iran nuclear sites confirmed by UN; 1,000+ killed in Lebanon since operation start. Iran FM Abbas Araghchi demands compensation, frames strikes as act of aggression. DoD reports 'thousands of Iranian targets' hit during Operation Epic Fury.","https://tass.ru/en/world","","True",""
"26","2026-03-22 19:00:40.584826+00","DoD News","L0","HIGH","Middle East / Persian Gulf","Military Operations / Crisis Escalation","US Escalates Iran Military Operations; DoD Reports Thousands of Targets Hit in Operation Epic Fury","U.S. Department of Defense confirms thousands of Iranian military targets struck in ongoing Operation Epic Fury. Concurrent reports from TASS and UN News indicate F-15 downing claims near Hormuz Strait, 1,000+ killed in Lebanon, Iran nuclear facility hit. Zelenskyy simultaneous diplomatic pressure on allies suggests broader regional destabilization.","https://www.war.gov/News/News-Stories/Article/Article/4440215/this-week-in-dow-u-s-delivers-devastating-combat-power-to-iran/","","True",""
"25","2026-03-22 16:00:35.390348+00","UN News, Al Jazeera, DoD News, Google News Reuters","L0","HIGH","Middle East (Lebanon, Iran)","Military Conflict / Nuclear Escalation","US-Israel War on Iran Escalates: 1,000+ Killed in Lebanon, Iranian Nuclear Facility Hit, Energy/Water Infrastructure Threatened","UN officials report 1,000+ killed and 2,584 injured in Lebanon since start of US-Israel war on Iran. Iranian nuclear facility struck. Trump-Iran threats to escalate to energy and water infrastructure attacks. DoD reports 'devastating combat power' delivered in Operation Epic Fury with thousands of Iranian targets hit.","https://news.un.org/en/story/2026/03/1167175","","True",""
"24","2026-03-22 13:00:48.837523+00","Al Jazeera, TASS, DoD News","L0","HIGH","Middle East / Persian Gulf","Military / Strategic Competition","Iranian drone and missile strikes on Israeli targets; US retaliatory operations ongoing","Iran conducted drone strikes on Israel's Ben Gurion airport and central Tel Aviv on 22 Mar 2026. Concurrently, US military reports 'devastating combat power' delivered against Iranian targets under Operation Epic Fury, with thousands of targets struck. Strait of Hormuz closure implications emerging; Japan considers minesweeping contingency if ceasefire reached. Oil price stabilization measures discussed (US 30-day sea sale exemption).","https://www.aljazeera.com/video/newsfeed/2026/3/22/moment-iranian-strike-hits-central-tel-aviv","","True",""
"23","2026-03-22 10:00:39.84719+00","TASS (citing media reports); DoD News; Al Jazeera","L0","HIGH","Middle East / Israel-Iran","Military / Crisis Escalation","Iranian drone strike on Israel's Ben Gurion airport; US-Israeli strikes on Iran ongoing","Iranian military conducted drone strike on Israel's Ben Gurion airport using advanced Arash-2 drones. US operations (Operation Epic Fury) have targeted thousands of Iranian targets. Escalatory cycle active with regional missile/drone attacks. Saudi Arabia ordering Iranian military attaché and four embassy staff to leave indicates diplomatic rupture. Ceasefire discussions referenced in Japan/Hormuz context suggest potential off-ramp, but kinetic phase ongoing.","https://tass.com/world (Iranian army delivers drone strike) / https://www.war.gov/News/News-Stories/Article/Article/4440215/this-week-in-dow-us-delivers-devastating-combat-power-to-iran","","True",""
"21","2026-03-22 04:00:38.331952+00","Reuters (via Google News) + DoD News + Al Jazeera","L0","HIGH","Middle East (Iran-Israel-Saudi nexus)","Military/Diplomatic","Iran Military Escalation & U.S. Kinetic Response; Saudi Diplomatic Rift","Saudi Arabia expels Iranian military attaché and four embassy staff (diplomatic escalation signal). DoD announces 'Operation Epic Fury' targeting thousands of Iranian positions across multiple domains. Al Jazeera reports Iran latest attacks on Israel and potential Houthi-Iran coordination. U.S. simultaneously messaging 'winding down' war while deploying additional forces—classic escalatory ambiguity.","https://news.google.com/rss/articles/CBMiwAFBVV95cUxOQVBJc2d0ZnBnODBFVHlXVUhYYkZsdEpCR183amVMOUU0VDNHeXZaOHR3VkU3Umh3b29obVk0LVUydDRtZ1g4LUdoR21nVjlTMVhQa1pVUTA0SlphN0VoQUk4aXcwWG1HSjRVdG0wZjRmUTFIc1k0OGJCTWVNdmtJSkwwTXBweTlLTmpDcGpzLV9SVzZfWkNmTVd5bU15Q3l4SDVUSkxJOEF1U280MFpvUUIyREl2UkdkMFhXR2RkZTM","","True",""
"20","2026-03-22 01:00:43.855014+00","Al Jazeera / DoD News","L0","HIGH","Middle East / Persian Gulf","Military / Diplomatic / Economic","Trump threatens attacks on Iranian power plants over Strait of Hormuz; US delivers 'devastating combat power' in Operation Epic Fury","Trump escalates rhetoric threatening infrastructure strikes on Iran over Hormuz chokepoint control. DoD reports thousands of Iranian targets hit during Operation Epic Fury. Concurrent signals: Saudi Arabia expels Iranian military attaché + 4 embassy staff (diplomatic rupture); US oil diplomacy attempting 30-day Iranian sea sales window (price management). Mixed messaging: de-escalation rhetoric paired with force posture increase.","https://www.aljazeera.com/news/liveblog/2026/3/22/iran-war-live-trump-threatens-attacks-on-power-plants-over-hormuz-strait","","True",""
"16","2026-03-21 13:00:34.327204+00","Al Jazeera / Reuters (via Google News)","L0","HIGH","Middle East / Iran","Nuclear Proliferation & Military Escalation","US-Israel Airstrike on Iran's Natanz Nuclear Facility","Iran officially claims US and Israel conducted a coordinated military strike targeting the Natanz uranium enrichment facility. DoD corroborates with Operation Epic Fury report detailing 'devastating combat power' delivered against Iranian targets. Timing coincides with 30-day US oil sales waiver reducing sanctions pressure, signaling coordinated diplomatic-military strategy.","https://www.aljazeera.com/news/2026/3/21/iran-says-us-and-israel-attacked-natanz-nuclear-facility","","True",""
"13","2026-03-21 04:00:43.604943+00","DoD News + TASS/OFAC","L0","HIGH","Middle East (Iran); Global Energy Markets","Military Ops + Sanctions + Energy Economics","Operation Epic Fury: US 'Devastating Combat Power' Against Iran; Oil Markets Stabilization & Sanctions Relief in Parallel","DoD reports thousands of Iranian targets hit in ongoing Operation Epic Fury. Simultaneously, US Treasury (OFAC) issued General License allowing 30-day Iranian oil sales at sea (~140M barrels); US lifted sanctions on two Russian individuals (Korzhavin/Korzhavina). TASS reports global airline capitalization lost $53B due to Iran situation; FT signals investor expectations of further share decline.","https://www.war.gov/News/News-Stories/Article/Article/4440215/this-week-in-dow-us-delivers-devastating-combat-power-to-iran/","","True",""
"12","2026-03-21 01:00:40.787237+00","Al Jazeera (VERIFIED), DoD News (VERIFIED), TASS (VERIFIED)","L0","HIGH","Middle East (Iran, Israel, Saudi Arabia, UAE, Strait of Hormuz)","Military/Crisis + Sanctions/Energy","Iran War Escalation: Trump Rejects Ceasefire; US-Israeli Strikes Ongoing; Khamenei Issues Defiant Message","Active US-Israeli military campaign (Operation Epic Fury) against Iran targets continues. Trump administration explicitly rejects ceasefire proposals. Khamenei responds with defiant message. DoD reports 'devastating combat power' delivered; thousands of Iranian targets struck. TASS reports 19 UAVs destroyed near Moscow; Iran threatens strike on UAE if provoked. US Treasury authorizes Iranian oil transactions for 30 days (through April 19), signaling sanctions modulation amid conflict.","https://www.aljazeera.com/news/liveblog/2026/3/21/iran-war-live-trump-says-other-nations-have-to-protect-hormuz-from-iran","","True",""
"11","2026-03-20 22:00:37.964829+00","Reuters / TASS / Fox News","L0","HIGH","Middle East / Persian Gulf / Red Sea","Military Operations / Escalation / Diplomacy","UK Approves US Use of British Bases for Iran Strikes; US Amphibious Force Surge to Middle East","UK government authorized US military operations from British sovereign territory targeting Iranian missile sites. Concurrent with amphibious task force (4,500 sailors/Marines) deployment from US coasts to Middle East, ETA ~30 days. US officials report 230+ service members wounded (TBI-heavy) from ongoing US-Israeli strikes. Iranian MFA demands Muslim states reject 'aggression' in action, not words. Sanctions relief discussions underway (US Energy Secretary statement on Iran oil sanctions removal).","https://news.google.com/rss/articles/CBMi0wFBVV95cUxQVzkwcERqWEFrVDk5YmNCM0hXMHhxRThYYXp0cVFXQ2p3dm1KRmFtZUY1NEZWQVNWQy0yZzJ2eldPaXRIdUVBcFJtRU9KTTV4d092aWlKU1dBSVE3b2lLemFYM29PTVprS1ZqUl9QMDRROHV2MGhCakNEcHVTaVllZnFPNHBvZlhBdXFnNFFHR0VT","","True",""
"9","2026-03-20 16:00:43.628935+00","Reuters via Google News / UN News","L0","HIGH","Middle East / Iran / Saudi Arabia","Military/Strike","Iran Revolutionary Guards Spokesperson Killed in Strike; Middle East Energy Infrastructure Under Attack","Iran's Revolutionary Guards spokesperson killed in airstrike; UN News reports strikes hitting Middle East energy infrastructure triggering broader regional escalation. SAMREF refinery (Saudi Aramco-Exxon JV) in Yanbu targeted. Energy shocks reported across region with counter-strikes ongoing.","https://news.google.com/rss/articles/CBMivgFBVV95cUxPSEZKbEdzOEx2OEViWmJmNHZQOUtJOUMzRl9lMnNpWEtXSncwa0JlQmNWazc2SlBGcEllXzBIQkVmS0VJX0s4WnJfSGZnc2t2YVB1eU1jNjlrTDFVZE1YUTJyT2Z2UVNIZm9IeTBWS0liOWFSdXlIRy1taG9JRmVHc0hXUDZDcVpKalFLODh6dkVpWnA2Q01xZmhzZUYydW9aRnNrWWhVc1Bl","","True",""
"8","2026-03-20 13:00:43.050058+00","Al Jazeera / Reuters (via Google News)","L0","HIGH","Middle East / Iran","Military Kinetic / IRGC Leadership","Iran's IRGC Spokesman Ali Mohammad Naini Killed in US-Israeli Strike","Iran's Islamic Revolutionary Guard Corps (IRGC) announced the death of spokesman Ali Mohammad Naini in a US-Israeli military strike. This represents direct kinetic action against Iranian military command-level personnel, escalating the Middle East conflict into active strike operations on Iranian soil. Confirmation via state media indicates official acknowledgment and likely response signaling.","https://www.aljazeera.com/news/2026/3/20/irans-irgc-says-spokesman-ali-mohammad-naini-killed-in-us-israeli-attack","","True",""
"7","2026-03-20 10:57:29.84604+00","Anadolu Agency + TASS + Borzou Daragahi (x.com)","L0","High","Middle East","ground_conflict","Mujtaba Khamenei assumes Iran command; Hormuz oil flows down 86% — Op Epic Fury Day 20","Leadership transition confirmed in Iran following Supreme Leader Khamenei's reported death during US-Israeli Operation Epic Fury. Mujtaba Khamenei has assumed effective command. Iran's Operation True Promise 4 is in its 40th stage, continuing strikes on US bases and Israeli cities. Strait of Hormuz oil flows down 86%, 700+ tankers queued. Iran conditions reopening on full ceasefire compliance.","https://www.aa.com.tr/en/middle-east/us-targets-irans-military-command-missile-sites-naval-assets-in-first-48-hours-of-operation-epic-fury-centcom/3847478","","True",""
"6","2026-03-20 10:13:14.257516+00","Reuters via Google News","L0","HIGH","Middle East","Military/Strikes","Iran Revolutionary Guards Spokesperson Killed in Strike; Regional Escalation Risk","Iran's Revolutionary Guards confirmed the death of a high-ranking spokesperson in a strike on Friday. State TV reports indicate tactical targeting. Occurs within context of broader Middle East conflict escalation involving Israel, Gaza displacement, and regional energy disruption.","https://news.google.com/rss/articles/CBMivgFBVV95cUxPSEZKbEdzOEx2OEViWmJmNHZQOUtJOUMzRl9lMnNpWEtXSncwa0JlQmNWazc2SlBGcEllXzBIQkVmS0VJX0s4WnJfSGZnc2t2YVB1eU1jNjlrTDFVZE1YUTJyT2Z2UVNIZm9IeTBWS0liOWFSdXlIRe1taG9JRmVHc0hXUDZDcVpKalFLODh6dkVpWnA2Q01xZmhzZUYydW9aRnNrWWhVc1Blbnd","","True",""
"5","2026-03-20 10:09:01.233086+00","Reuters via Google News","L0","HIGH","Middle East / Persian Gulf","Military / Kinetic Ops","Iran Revolutionary Guards Spokesperson Killed in Strike; SAMREF Refinery Targeted","Iran's Revolutionary Guards spokesperson killed in apparent Israeli strike (Fri 20 Mar 06:00 UTC). Concurrent targeting of Saudi Aramco-ExxonMobil SAMREF refinery in Yanbu, Saudi Arabia by drone/missile. Escalation signal within active Iran-Israel conflict theater.","https://news.google.com/rss/articles/CBMivgFBVV95cUxPSEZKbEdzOEx2OEViWmJmNHZQOUtJOUMzRl9lMnNpWEtXSncwa0JlQmNWazc2SlBGcEllXzBIQkVmS0VJX0s4WnJfSGZnc2t2YVB1eU1jNjlrTDFVZE1YUTJyT2Z2UVNIZm9IeTBWS0liOWFSdXlIRSBtaG9JRmVHc0hXUDZDcVpKalFLODh6dkVpWnA2Q01xZmhzZUYydW9aRnNrWWhVc1Bl","","True",""
"4","2026-03-20 10:04:25.013287+00","Reuters via Google News","L0","HIGH","Middle East / Global","Military Strike + Strategic Escalation + Energy Markets","Iran Revolutionary Guards Spokesperson Killed in Strike; US Weighs Further Iran Assault","Iranian state TV reports death of IRGC spokesperson in strike; simultaneous reporting indicates US Treasury considering sanctions removal on Iranian oil in tankers (Bessent statement); CSIS warns chokepoint threatens global food security; SAMREF refinery in Yanbu targeted; Middle East war disrupting air defense supply chains to Ukraine.","https://news.google.com/rss/articles/CBMivgFBVV95cUxPSEZKbEdzOEx2OEViWmJmNHZQOUtJOUMzRl9lMnNpWEtXSncwa0JlQmNWazc2SlBGcEllXzBIQkVmS0VJX0s4WnJfSGZnc2t2YVB1eU1jNjlrTDFVZE1YUTJyT2Z2UVNIZm9IeTBWS0liOWFSdXlIZS1taG9JRmVHc0hXUDZDcVpKalFLODh6dkVpWnA2Q01xZmhzZUYydW9aRnNrWWhVc1Blwccc","","True",""
